Company,Address1,Address2,Address3,City,State,Zip,Phone1,Phone2,Fax1,Fax2,Email,Website
800-Buy-Kwik Black,13938A Cedar Road #260,,,Cleveland,OH,44118,(216) 276-6555,(216) 321-1198,(216) 803-5711,,info@evergreenequitygroup.com,www.evergreenequitygroup.com
800-Buy-Kwik Rockford,P O Box 5120,,,Akron,OH,44334,330-865-5500,800-289-5945,330-865-7720,,rockfordfiles@sbcglobal.net, www.realestatesolutionsofamerica.com
800-Buy-Kwik White,1250 Linda Street; Ste. 204,,,Rocky River,OH,44116,440-333-9500,,440-333-9506,,swhite@a1realestatesolutions.com, www.a1realestatesolutions.com
Acts 17:28 Ministries,1177 Olentangy River Ste 103 Road,,,Columbus,OH,43212,888-893-4110,,,,worship@acts1728ministries.org,www.acts1728ministries.org
AFS,11921 85th Place North Maple Grove,,,Maple Grove,MN,55369,321-821-2244,888-883-4282,702-974-9953,,help@askafs.com,www.asscociatedfinancialservices.com
AIA Software,"15 Hidden Lake Way, Suite 102",,,Palm Coast,FL,,877-225-4914,856-642-9801,386-447-6547,,,
Albany Commons - Oakwood Management,5621 Warner Park Drive,,,Westerville,OH,43081,614-775-0555,,614-775-1111,,oak854@oakwoodmgmt.com,www.oakwoodmgmt.com
Albany Woods - Oakwood Management,5775 Harlem Road,,,New Albany,OH,43054,614-939-1312,,614-939-1857,,oak500@oakwoodmgmt.com; oak385@oakwoodmgmt.com,www.oakwoodmgmt.com
Alexander Babbage,600 West Peachtree St suite 1910,,,Atlanta,GA,30308,404-961-7600,,404-961-7601,,,www.alexanderbabbage.com
Allegiance IT,720 Pin Oak Drive,,,Wadsworth,OH,44281,330-315-2867,,,,info@allegiance-it.com,www.allegiance-it.com/
American Home Helpers,,,,,,,,,,,,
AMT Machine Systems,1760 Zollinger Road,,,Columbus ,OH,43221,614-451-2681,,614-538-0959,,courter@amtsys.com,www.servocam.com  
AMT Systems Engineering,1760 Zollinger Road,Lines are down trans calls from Ameritech,,Columbus,OH,43221,614-451-2681,,614-451-7007,,,www.amtsys.com
API Security Services & Investigations,867 High St Suite D,,,Worthington,OH,43085,614-310-1980,,614-310-1960,,,
Attache,4400 N. High Street,Suite 101,,Columbus,OH,43214,614-652-2734,614-268-9484,614-268-9485,,j.janoski@abandonconvention.com,www.abandonconvention.com  
Auto Leasing and Sales,1131 W. Fifth Avenue,,,Columbus,OH,43212,614-297-8880,800-759-8880,614-297-8906,,allmakes@autoleasingandsales.com,www.autoleasingandsales.com
AVV,9200 Worthington Road,,,Westerville,OH,43082,614-839-7900,,614-839-7875,614-839-7910,info@avv.com;ismsupport@avv.com;adssupport@avv.com,www.avv.com
Big Four Professionals,689 Hunter Avenue,,,Columbus,OH,43215,614-228-0406,800-304-5454,888-304-5454,,chris@bigfourpros.com;dinopass@comcast.com,www.bigfourpros.com
Blue Mile,,,,,,,,,,,,
BMG Seltec,,,,,,,,,,,,
Bob Egles Office,"3001 Bethel Road, Suite 100",,,Columbus,OH,43220,614-273-8000,614-273-0984,614-273-0986,,bob@bobegle.com,
Boys in the Hood Akron,P O Box 20781,,,Akron,OH,,,,,,,
Boys in the Hood Charlotte, 739 Twin Lakes Road,,,Rock Hill,SC,29732,866-350-1954,866-844-8898,740-824-4158,,,www.boysinthehood.net
Boys in the Hood Cleveland,P O Box 20781,,,Gahanna,OH,43230,866-831-0240,,740-824-4158,,,www.boysinthehood.net
Boys in the Hood Columbus,P O Box 20781 ,,,Gahanna,OH,43230,614-652-2732,866-630-6158,740-824-4158,,,www.boysinthehood.net
Boys in the Hood Corporate,P O Box 30781,,,Gahanna,OH,43230,866-844-8898,614-652-2732,,,,
Boys in the Hood Tampa,5743 Sailfish Drive,Suite C,,Tampa,FL,33558,727-207-5486,,,,boysinthehoodTampa@perceptionistinc.com,
Brand Image Group,29776 Glynn Lee,,,New Hudson,MI,48165,800-530-7109,248-921-3333,248-869-6079,,,www.brandimagegroup.com
Brask Enterprises,696 Newport Ave,,,South Attleboro,MA,2703,,,508-761-9157,,mokeefe@rolloffcontainer.com, www.brask.com
BRG,1177 Olentangy River Road Suite 104,,,Columbus ,OH,43212,866-523-1970,,480-753-6601,,drecar11@yahoo.com,
Cabot Cove - Oakwood Management,,,,,,,,,,,,
Can-Am Limited,,,,,,,,,,,,
Cape Lending Group,,,,,,,,,,,,
Centric Consulting,P O Box 1950 Composite Drive,,,Kettering,OH,45240,888-781-7567,,937-294-9006,,,www.centricconsulting.com
Channingway Apartments,1302 Hemmingway Drive,,,Fairborn,OH,45324,937-878-8799,937-878-6339,937-878-7440,,oak359@oakwoodmgmt.com, www.oakwoodmgmt.com
Cleveland Consulting,407 Northview Drive,,,Bexley,OH,43209,614-252-2284,,614-252-2291,,,
CMIT Solutions - Kazimir,7 Ewing Drive,,,Flemington,NJ,8822,908-237-2211,,908-237-2211,,rkazimir@cmitsolutions.com,
CNS Technologies,22 North 27th Street,,,Harrisburg ,PA,17103,717-234-4395,717-234-4213,717-234-4220,,calldesk@caspiansoft.com,www.cns-tech.net
Commercial Funding,2860 Laguna Street,,,San Francisco,CA,94123,415-921-7800,415-921-3286,415-921-3548,,, www.commercialfunding.net
Commercial Lease Solutions,1395 Grandview Ave.,Suite 11,,Columbus,OH,43212,614-228-8852,614-481-8857,614-228-8853,,thorc@mrlease.com,www.mrlease.com
"Conrad, Phillips, Vutech",612 N. Park Street,,,Columbus,OH,43215,614-224-3887,,614-222-0737,614-365-9863,,
Cosnar Companies,,,,,,,,,,,,
Creative Computer Resources,5001 Horizons Drive      Suite 200,,,Columbus,OH,43220,614-583-0040,,,,,
Crouse Tree Service,PO Box 158,,,Patalaska,OH,43062,740-927-6126,,740-862-9023,,crousework@yahoo.com,
Custer Capital,14 S High Street,,,New Albany,Oh,43054,614-855-9980,614-855-7516,614-855-9979,,,www.custercapital.com
Cutting Edge Services,807 Eight Mile Road,,,Cincinnati,OH,45255,513-388-0199,,513-474-2191,,beckman@cuttingedgeservices.com, http://www.cuttingedgeservices.com
Dealer Dynamics,,,,,,,,,,,,
Design Technology Gizmo,309 South 4th,Suite 180,,Columbus,OH,43215,614-236-4593,866-354-1962,888-522-6947,,Digital@DesignTechnologyGizmo.com, www.designtechnologygizmo.com
Discount Direct,,,,,,,,,,,,
John M Downey The Carpet Cleaner,1790 Suite B Harmon Avenue,,,Columbus,OH,43223,614-443-0543,800-834-6240,614-443-0546,,kipmcmahon@aol.com, www. downeyclean.com
Dynamic Creative Solutions,,,,,,,,,,,,
Dynasty Web Advisors, 2233 N. Hamline Ave.,Suite 302,,"St. Paul, ",MN,55113,925-226-4171,,952-487-4868,,thomas@dynastywebadvisors.com, www.dynastywebadvisors.com
Effective Organization.com,2681 Montcom,,,Upper Arlington,OH,43221,,,,,,
Environmental Processors,429 Maple Brook Drive West,,,Westerville,OH,43082,614-891-3307,,614-839-9272,,ghunyadi@wideopenwest.com,
Express Auto Transport,,,,,,,,,,,,
Express Lane Dental,1175 Mt Vernon Rd,,,Newark,OH,43055,866-354-1969,740-366-7317,740-364-1972,,info@expresslanedental.com, www.expresslanedental.com
Family & Youth Institute,,,,,,,,,,,,
Firm Tech,"1000 Whitlock Avenue Suite 320, ",,,Marietta,GA,30064,770-218-7713,,770-420-7009,,,
First Choice Maid,,,,,,,,,,,,
Fisher Wealth," 1252 Lancaster Ave, ",,,Renoldsburg ,Oh,43068,614-652-2783,,614-378-4128,,,
Florida Wedding Services,159 Cypress View Lane,,,Groveland,FL,34736,352-429-7889,407-583-4516,,,info@floridaweddingservices.com,
FYI Corporation,"100 Rialto Place, Suite 500",,,"Melbourne,",FL,32901,678-297-3944,321-541-1095,321-541-1096,,,www.fyicorp.com 
Gaddis & Son,739 Mulberry Street,,,Columbus,oh,43219,614-252-3109,,614-252-8456,,rlgaddis@gaddisandsoninc.com,
GayPages.com,"3700 Cole Avenue, #249",,,Dallas,TX,75204,800-777-3344,,214-889-8989,,,www.gaypages.com 
Gazelles,21246 Dubois Ct,,,Ashburn,VA,20147,703-858-2400,,703-858-2401,,, www.gazelles.com
Georgia Geeks,2800 Quarters Lane,,,Powder Springs,GA,30127,404-388-6553,,800-948-6597,,info@georgiageeks.com,www.georgiageeks.com
Global Com,"1209 Hill Rd. N., suite 136",,,Pickerington,OH,43147,614-863-4479,,614-751-6634,,, www.globalcomminc.net
Global Financial Management,"1800  JFK Blvd Suite 300,",,,Philadelphia,PA,19103,866-443-6562,215-424-5690,215-689-3550,,sales@goglobalfinancial.com;sales@goglobalfinancial.com;clientservice@goglobalfinancial.com,www.goglobalfinancial.com
Go Downtown,,,,,,,,,,,,
Gonczy & Associates,1177 Olentangy River Rd Suite 100,,,Columbus,OH,43212,614-447-8901,614-385-7591,614-447-9833,,,www.gonczyandassociates.com
Grasp Technologies, 5025 Arlington Centre Blvd. Suite 530 ,,,Columbus,OH,43220,614-583-0040,,614-573-6331,,,www.planet-ccr.com
Greystone Investments,"3805 Edwards Road, Suite 180,",,,Cincinnati,OH,45209,513-366-3124,513-366-3120,513-731-7666,,, www.greystoneinvestment.com
GrooveJob.com,309 South 4th Street,2nd floor,, Columbus,OH,43215,614-586-1270,,614-386-9653,,,www.groovejob.com
Gryphon,,,,,,,866-339-1741,866-339-1741,614-573-6344,,info@gryphonusa.com, www.gryphonusa.com
Handyman Connection ,10250 Alliance Rd.   Suite 100,,,Cincinnati,OH,45242,800-466-5530,513-771-3003,513-771-6439,,,www.handymanconnection.com
Handyman Connection Chicago,1815 Hicks Road       Suite A,,, Rolling Meadows,IL,60008,847-202-3232,,847-202-0420,,fixit@handymanchicagonw.com,www.handymanconnection.com
Handyman Connection Cincinnati, 9403 Kenwood Rd.,Suite D 207,,Cincinnati,OH,45242,513-771-1122,513-771-3957,513-771-2030,,hc1800@handymanconnection.com,www.handymanconnection.com
Handyman Connection Cleveland West,"200 Treeworth Blvd, Suite 400",,,Broadview Heights,OH,44147,216-398-3100,440-717-0755,440-717-1455,800-884-2639,orders1802@sbcglobal.net,www.handymanconnection.com
Handyman Connection Columbus,1037 Mediterranean Ave,,,Columbus,OH,43229,614-436-4944,800-884-2639,614-888-7657,,hc1803@handymanconnection.com,www.handymanconnection.com
Handyman Connection Destin,1131 Mack Bayou Rd Suite H,,,Santa Rosa Beach,FL,32550,850-650-3287,850-650-3423,850-837-7859,,alan@handymanconnection.gccoxmail.com,www.handymanconnection.com
Handyman Connection Lexington,"1910 Harrodsburg Road, #203",,,Lexington,KY,40503,859-276-1811,,859-278-5320,,lexhandyman@aol.com, www.handymanconnection.com
Handyman Connection Madison,"1325 Greenway Cross, Suite 117",,,Madison,WI,53713,608-274-4390,608-274-4385,608-274-4396,,hc2501@handymanconnection.com,www.handymanconnection.com
Handyman Connection Memphis,"1682 Shelby Oaks Drive N, Suite 13",,,Memphis,TN,38134,901-405-3150,,901-405-3153,,melritahandyman@hotmail.com;melrita@att.net,www.handymanconnection.com
Handyman Connection Orange County,"1740 W Katella Ave, Suite G",,,Orange,CA,92867,714-288-0077,949-588-8881,714-288-2883,,hc4804@handymanconnection.com,www.handymanconnection.com
Handyman Connection San Antonio,17595 Blanco Road      Suite 201,,,San Antonio,TX,78232,210-492-0777,,210-492-0772,,hc3704@handymanconnection.com,www.handymanconnection.com
Handyman Connection San Francisco,647 Veterans Blvd,,,Redwood City,CA,94063,650-261-3725,650-261-3726,650-361-1524,,hc4808@handymanconnection.com,www.handymanconnection.com
Handyman Connection St Louis,"1736 Westpark Center Drive, Suite 200",,,Fenton,MO,63026,636-305-7300,636-305-3462,636-305-7301,,handymanconnection@sbcglobal.net,www.handymanconnection.com
Handyman Connection Walnut Creek,"171 Mayhew Way, Suite 207",,,Pleasant Hill ,CA,94523,925-938-8882,925-938-6251,925-932-4360,,hc4809@handymanconnection.com,www.handymanconnection.com
Hibernia - Oakwood Management,  5680 Hibernia Dr,,,Columbus,OH,43232,614-866-6282,,614-866-7604,,oak358@oakwoodmgmt.com; oak358a@oakwoodmgmt.com,www.oakwoodmgmt.com
Housecalls4Mac,720 Pin Oak Drive,,,Wadsworth,OH,44281,330-289-7308,,,,Info@housecalls4macs.com, http://www.housecalls4macs.com/
Indigo Worldwide, 2092 Oak Leaf St,,,Joliet,IL,60436,815-729-4551,212-591-0521,815-729-4552,212-591-6117,info@indigo-worldwide.com,www.indigo-worldwide.com
Indoor Sports Games, 218 Colonial Ave. SE,,,New Philadelphia,OH,44663,330-340-4113,888-648-3676,330-339-2762,,,www.indoorsportsgames.com
Information Works,2323 Setterlin Rd,,,Columbus,OH,43228,614-527-4481,800-682-4151,614-527-1473,614-527-4879,,
Innova Partners,24232 Main Street,,,Columbus,OH,43213,,,,,,http://www.innova-partners.com
Integra Global,Schondorferplatz 6 5400 ,,,"Hallein,  Austria",,,888-753-1377,011-436-2457 x1303,011-436-2457,,info@integraglobal.com, www.integraglobal.com
Integrated Check Technologies,"6100 Channingway, Suite 306",,,Columbus,OH,43232,614-729-7429,800-837-6157,614-729-7448,,info@ichecktech.com,www.ichecktech.com
Interaction Factor, 22436 Norfolk Court      Suite B,,,Novi ,MI,48374,800-881-7149,248-421-1033,800-542-9918,,info@interactionfactor.com,www.interactionfactor.com
Interstate On-Line Software,877 River Road,,,Granville,OH,43023,740-587-1695,740-366-0914,740-587-1697,,,www.soarr.com
Into Great,1177 Olentangy River Road,,,Columbus,OH,43212,614-384-7400,,614-384-7401,,,
Into Great Brands,1177 Olentangy River Rd   ,,,Columbus,OH,43212,888-771-5656,,888-771-5657,,, www.motorkote.com and www.duralube.com
ITC,757 SouthEast 17th Street         Suite 955,,,Fort Lauderdale ,FL,33316,954-450-2099,866-342-5482,954-450-9583,,info@itconline.cc;Support@itconline.cc, www.itconline.cc
JD Performance,,,,,,,,,,,,
Kingswood Townhomes - Oakwood Management,,,,,,,,,,,,
Law Office of Amber St. John,411 Nissan Drive,,,Smyrna,TN,37167,615-355-6551,615-469-0455,615-844-3500,,amber@amberstjohn.com,www.amberstjohn.com
Law Office of Amy Glesius,The Lorenzo Carter Building,1360 West Ninth Street,,Cleveland,OH,44113,216-241-6882,,216-373-0045,,aglesius@glesiuslaw.com,www.glesiuslaw.com
LeBlanc Communications,38 High Ridge Road,,,"Redding,",CT,6896,(203) 938-0200,(800) 899-8642,(203) 306-3054,,Service@LeBlanc.com,www.leblanc.com
Legal Network Systems,,,,,,,,,,,,
Liberty Tax Service,893 E 11th Avenue,,,Columbus,OH,43211,614-297-1093,614-759-8829,614-337-7481,,LibertyTaxSchool@ameritech.net,www.libertytax.com
Light Quest,,,,,,,,,,,,
Logo Design Works, 34501 Queens Street ,1177 Olentangy River Rd (Sales office),,Sarasota,FL,34231,877-249-6435,614-917-2177,866-265-5546,614-388-5573,info@logodesignworks.com, http://www.logodesignworks.com
Main Street Access,58 South Second Street,,,Newark,OH,43058,866-216-7539,740-349-3553,740-349-3550,,support@mainstreetaccess.com,www.mainstreetaccess.com
Marc Roberts,,,,,,,,,,,,
Mason Industries,,,,,,,,,,,,
Master List,,,,,,,,,,,,
Microvest,905 Tacoma Avenue,,,Bismarck,ND,58504,701-222-4441,701-223-3030,701-224-1214,,chad@mircovest.us,www.microvest.us
Modular Design,65 E. Gay Street  ,,,Columbus,OH,43215,,,,,,
Molly Maid Charlotte NC,10716 Carmel Commons Blvd.,Suite 160,,Charlotte,NC,28228,704-759-0697,704-759-2097,704-759-9065,,mollymaid@birch.net;mmgeneral@birch.net,www.mollymaid.com
"Molly Maid Chelmsford, MA",193 Princeton Street,,, N.  Chelmsford,MA,1863,978-251-3535,978-251-9689,978-251-7799,,mmanswer@comcast.net, www.mollymaid.com
Molly Maid Douglasville GA,3379 Highway 5,Suite E,,Douglasville,GA,30135,770-942-0300,770-489-0330,770-942-0314,,mollycleans@earthlink.net,www.mollymaid.com
"Molly Maid Girard, OH",1601 Motor Inn Drive,Suite 310,,Girard,OH,44420,330-793-9900,330-793-0673,330-793-0953,,katie3@choiceonemail.com,www.mollymaid.com
"Molly Maid Greensboro, NC",1601-H East Bessemer Avenue,,,Greensboro,NC,27405,336-856-1110,336-379-9290,336-375-9252,,mollymaids@bellsouth.net,www.mollymaid.com
Molly Maid Kentwood MI,2180 44th Street,Suite 111,,Kentwood,MI,49508,616-827-1180,616-827-1181,616-827-0224,,mmaidskc@iserv.net,www.mollymaid.com
"Molly Maid Madison, TN",3810 Old Hickory Rd.,,,Old Hickory,TN,37138,615-665-5962,615-851-7988,615-851-7998,,scott.hopkins@mollymaid.com,
"Molly Maid Rochester Hills, MI",3345 Auburn Drive ,Suite 101,,Rochester Hills,MI,48309,248-853-7143,,,,ramiro.garcia@mollymaid.com,www.mollymaid.com
"Molly Maid Tallahassee, FL",Forward to office for address.,,,Tallahassee,FL,32312,850-222-6243,,850-224-6243,,mmofleon@mollymaid.com,www.mollymaid.com
MuniVEST Financial Group,29355 Northwestern Highway,Suite 110,,Southfield,MI,48034,877-266-3447,313-963-7700,313-557-0184,877-329-3268,,info@munivest.com
Music On Hold,22436 Norfolk Court ,,, Novi,MI,48374,800-613-0924,,800-542-9918,,info@musiconhold.com,www.musiconhold.com
Myriad Network,14001 C  St.Germain Drive ,#811,,Centerville,VA,20121,800-656-3649,703-266-9353,703-783-1331,,support@myriadnetwork.com, www.myriadnetwork.com
National Physics Consultants,"NPC,Ltd",5589 Cardinal Drive,,Mentor ,OH,44060,888-456-5255,888-456-5255,330-313-1145,,info@npc-link.com,www.npc-link.com
National Procurement Council,1200 G Street  NW,,,Washington,DC,20005,888-861-9290,202-302-3097,206-495-0819,, info@nationalprocurementcouncil.org,www.nationalprocurementcouncil.org
Net Marketing,115 South Padre Juan Avenue,,,Ojai (O-hi),CA,93023,805-646-3864,800-691-7875,775-242-1966,,danny@webseeker.net,www.leadsearch.com
Netteck,,,,,,,,,,,,
Next Level Productions,,,,,,,,,,,,
NS Nets,1286 South High Street,,,Columbus,OH,43206,614-883-0386,877-676-4249,614-748-3364,, i.schneider@nsnets.com,www.nsnets.com
Outdoor Lighting Perspectives,18 South Riverside Drive,Suite 103,,Indialantic,FL,32903,321-821-2244,321-821-2245,321-821-2247,,lisa@olp-ac.com;richard@olp-ac.com,www.outdoorlights.com 
Page One,14500 Martin Drive,Eaton Enterprises,Suite #1000,Eaton Prairie,MN,55344,866-278-3830,,952-345-7261,,alex@pageoneprintsolutions.com,
PC Help Express,4772 Benoit Street ,,,Hillard,OH,43228,614-652-2713,,208-728-0124,,,www.pchelpexpress.com
PC Support for You,,,,,,,,,,,,
"Perceptionist, Inc.",1177 Olentangy River Rd,,,Columbus,OH,43212,614-384-7500,866-652-5968,614-384-7501,,feedback@perceptionistinc.com,www.myperceptionist.com
Perfect World Management,,,,,,,,,,,,
Physicians Leasing,11410 US 1 North ,,,St. Augustine,FL,32095,,,,,,
Pinnacle,6891 Linworth Rd,,,Columbus,OH,43235,614-985-0000,,614-985-0001,,,
Pinson 3 Systems,1301 Moran Rd,Suite 104,,Sterling,VA,20166,703-421-5617,,703-421-5618,,info@pinson3.com,www.pinson3.com
Ponderosa Village - Oakwood Management,,,,,,,,,,,,
Practical Solutions,Mailing address only,1950 Composite Drive,,Kettering,OH,45420,888-781-7965,,937-294-9006,,,www.practicalsolutions.com
Premier Landscape Services,,,,,,,,,,,,
ProConcepts,,,,,,,,,,,,
Pyramid Appraisals Consultants,309 4th Street,Suite 301,,Columbus,OH,43215,614-221-2266,866-214-2552,614-221-2556,,,
Rapid Modeling,,,,,,,,,,,,
ReCasa Financial,130 E. Chestnut Street  Suite 200,,,Columbus,OH,43215,614-221-6770,,614-221-6390,412-829-6390,, www.recasafinancial.com
Resun Leasing,,,,,,,,,,,,
Resun Medical / MedBuild,,,,,,,,,,,,
Ripple, 512 Means Street   Suite 310,,,Atlanta ,GA,30318,404-892-0129,404-892-0148,404-795-1005,,sales@rippleit.com,www.rippleit.com
RJ Solutions,5603 Maidstone,,,Richardson,TX,75082,214-883-3818,,253-423-0739,,Sales@RJSolutions.biz,www.rjsolutions.biz
RMFS of Ohio,,,,,,,,,,,,
Rob Huddles Office,,,,,,,,,,,,
Royal Palms/Park West,,,,,,,,,,,downtownvillage@yahoo.com,
Sadoun Satellite,4974 C Scioto-Darby Rd,,,Hilliard,OH,43026,888-519-9595,614-529-9560,614-529-9570,,,www.sadoun.com
Salon Lofts,6743 Dublin Center Dr,,,Dublin,OH,43017,614-789-0700,,,,Daniel.Sadd@salonlofts.com;rob.huddle@salonlofts.com,www.salonlofts.com
Signature Hair Group,,,,,,,,,,,,
Skylr Master Hypnotist, 112 Amherst Drive ,,,Bayville,NJ,8721,888-759-5788,888-759-5788,732-606-9510,, info@skylr.com,  www.skylr.com; www.highschoolhypnotist.com
Southeast Offset,4880 NW 157th Street,,,Miami,FL,33014,305-623-7788,305-624-6947,305-624-5191,,sales@southeastoffset.com,
Star Leasing,4800 Business Park Drive,,,Columbus,OH,43204,614-278-9999,800-782-8566,614-278-9998,,,www.starleasing.com
Strategia,5 E. Long Street,Suite 200,,Columbus,OH,43215,614-384-7600,866-912-7600,614-447-9833,,, www.strategiasolutions.com
Stratford Financial Services,829 27th Ave ,,,"Oakland, ",CA,94601,510-521-7390,800-727-6050,510-521-0940,,contact@stratfordfinancial.com,www.stratfordfinancial.com
StudyLoft.com,PO Box 5169,,,Chicago,IL,60680,866-862-1937,866-862-1937,888-304-5454,,broy@studyloft.com,www.studyloft.com
Swan Cleaners,,,,,,,,,,,,
"Swordfish Solutions, LLC",3452 Wildwood Drive,,,Maineville,OH,45039,513-683-2136,,513-683-5933,,info@swordfishcs.com,www.swordfishcs.com
Caspian, 6600 Busch Blvd,,,Columbus,OH,43229,614-240-5979,888-759-1000,614-785-9464,,calldesk@caspiansoft.com,www.caspiansoft.com
Techphonic,1055 Stewart Avenue       Suite 14,,,Bethpage,NY,11714,866-874-6642,,516-576-0002,,info@techphonic.com,www.techphonic.com
Techset,1496 Blue Star Rd,,,Perryopolis,PA,15473,724-736-4770,800-338-1995,724-736-8076,,,
The Marmont Group,,,,,,,,,,,,
The Simplicity Institute,1000 Old Henderson Rd,,,  Columbus,OH,43220,614-306-3477,,508-445-5958,,info@simplicity-institute.com,http://simplicity-institute.com
The Technology Studio,,,,,,,,,,,,
THINK,"1350 Spring Street, Suite 300",,,Atlanta,GA,30309,404-962-8900,404-962-8902,404-962-8901,404-962-8991,None,www.thinkinc.com
Trusted Counsel,600 West Peachtree Street  Suite 1910,,,Atlanta,GA,30308,404-898-2900,404-898-2912,404-898-2901,,info@trusted-counsel.com,www.trusted-counsel.com
Tysinger Construction,6157 Maxtown Rd.,,,Westerville,OH,43082,614-818-9340,,614-818-9788,,,
US Womens Chamber of Commerce,"1201 Pennsylvania Ave NW, Suite 300",,,Washington,DC,20004,888-418-7922,,206-945-0819,,info@uswomenschamber.com,http://www.uswomenschamber.com
Valmonte,364 N. Main Street,,,Manahawkin,NJ,8050,609-597-1313,,609-698-2204,,valmontecenter@comcast.net,  www.valmontecenter.com
Value Vision,,,,,,,,,,,,
Viola Butler,,,,,,,,,,,,
Visual Source,,,,,,,,,,,,
VLJ Aviation,Waukegan (wa-key-gan) Regional Airport  ,2860 W. Plane Rest Drive   ,,Waukegan,IL,60087,847-249-8557,888-359-8557,847-249-8558,,,www.vljaviation.com 
Wasserman Law,,,,,,,,,,,,
White Group Benefits,7679 Aldridge Place ,,,Dublin,OH,43017,614-764-3645,,614-764-3646,,,
Woodcrest - Oakwood Management,,,,,,,,,,,,
"Senable Technologies, Inc.",222 West Las Colinas Blvd.  Suite 1650,Millennium Center,,Irving ,TX,75039,866-877-3622,972-899-0258,972-899-0259,,,www.senable.com
The Laptop Guy,587 State Street,other store address under Driving directions,,Westerville,OH,43081,614-487-9674,614-942-2660,707-313-7399,,questions@laptopguy.com,www.laptopguy.com
Ministry Business Solutions,620 Herndon Parkway   Suite 200,,,Herndon,VA,20170,866-305-5797,,866-397-0046,,researchanddevelopment@ministrybusinesssolutions.net,ministrybusinesssolutions.net
Outdoor Lighting Perspectives Memphis,860 Oakwood Lane,,,Collierville (call-yer-ville),TN,38017,901-854-7111,,901-854-1085,,memphislights@earthlink.net,www.outdoorlights.com
Sureclick Promotions,"1211 Connecticut Ave, NW   Suite 608",,,Washington,DC,20036,202-349-9620,,202-349-9621,,,www.sureclick.com
Powerhouse Word of Deliverance Holiness Outreach,1725 I Street North West    Suite 300,,,Washington,DC,20006,202-728-7522,,866-397-0046,,administration@divinewilldivineorder.org,www.divinewilldivineorder.org <http://www.divinewilldivineorder.org>
Handyman Connection Chino,6030 Riverside Ave. Suite D,,,Chino,CA,91710,909-590-8764,,909-591-3472,,hc4802@aol.com,www.handymanconnection.com
Servicesheet.com,300 Maplewood Road,,,Riverside ,IL,60546,708-447-9896,866-221-0480,708-221-0408,,chris@servicesheet.com,www.servicesheet.com
Handyman Connection Sacramento,8341 Fair Oaks Blvd.,,,Carmichael,CA,95608,916-863-6633,916-863-1114,916-863-6634,,sacramento@handymanconnection-sac.com,www.handymanconnection.com
Handyman Connection New Orleans,7001 190 East Service Rd.,,,Covington,LA,70435,,,,,artwscoti@aol.com;northshore@handymanconnectionla.com,www.handymanconnection.com
Audio To Go,PO Box 18536,,,Charlotte,NC,28218,704-537-9300,,877-893-2677,,info@audiotogodj.com,www.audiotogodj.com
800 Buy Kwik Whalen,3911 West Valley,,,Fairview Park,OH,44126,216-240-7363,440-356-5001,440-331-6190,,esaapprisals@ameritech.net,www.buybiz
Test Company,,,,,,,,,,,,
Z Test Company,1234 Main Street,,,Anytown,OH,43222,,,,,,
Handyman Connection Tucson,4500 E. Speedway Blvd.,Suite 7,,Tucson,AZ,85712,520-797-0800,520-797-2644,520-797-0400,,hmc4401rs@qwest.net,www.handymanconnection.com
SourceCode,44800 Ashlar Terrace,Ste 301,,Ashburn,VA,20147,877-684-7600,914-366-0216,703-729-5589,,jcasoy@sourcecodeinc.com,www.sourcecodeinc.com
A Test Company2,,,,,,,,,,,,
Harrington Group,1001 Bridgeway,Suite 223,,Sausalita,CA,94965,408-907-4000,,408-216-7633,,info@hgrltd.com,www.hgrltd.com
Connect Our People,25251 Paseo De Alicia ,,,Laguna Hills ,CA,92563,610-608-9120,949-699-3472,949-606-7164,,,Connectourpeople.com
Member Health,,,,,,,,,,,,
The Emergency Heating Energy Assistance Program,Columbus LEADS - central office,1808 East Broad Street,,Columbus,OH,43203,614-917-2444,614-252-2799,614-545-1083,,,www.eheap.org
PodDater.com,100 E. Broad St.,Suite 2340,,Columbus,OH,43215,614-917-2382,,,,info@poddater.com,www.poddater.com
Molly Maid Austin TX,8000 Anderson Square,Suite 109,,Austin,TX,78757,512-323-6400,512-323-9023,512-323-5483,,mollymaid@austin.rr.com,www.mollymaid.com
Boys In The Hood Canton,P O Box 20781,,,Gahanna,OH,43230,,,,,,
"Handyman Connection Modesto, CA",4306 Sisk Rd.,Suite C,,Modesto,CA,95356,209-543-0200,209-598-2870,209-543-0353,,hc4812@handymanconnection.com,www.handymanconnection.com
"Molly Maid Flower Mound, TX",1152 W. Main St,,,Lewisville ,TX,75028,(972) 899-9270,972-899-9273,972-899-9271,,kevin.keith@mollymaid.com,www.mollymaid.com
"Molly Maid Phoenix, AZ",4506 East Thomas,,,Phoenix,AZ,85018,602-957-6243,602-957-6246,602-952-8200,,mmaid@qwest.net,www.mollymaid.com
"Molly Maid Highland Park, IL",1421 Old Deerfield Rd.,,,Highland Park,IL,60035,847-681-1800,847-579-4761,847-579-4764,,mollymaid@tds.net,www.mollymaid.com
"Molly Maid Houston, TX",5615 NW Central Dr.,Suite C101,,Houston,TX,77092,713-460-1045,713-460-1055,713-460-1023,,mollymaidtx@sbcglobal.net,www.mollymaid.com
"Molly Maid Metamora, MI",3371 South Lapeer Rd.,,,Metamora,MI,48455,810-678-2078,810-678-2428,810-678-3050,,mollymaid1019@aol.com,www.mollymaid.com
"Molly Maid Cordova, TN",70 Timber Creek Dr.,Suite 1,,Cordova,TN,38018,901-372-3256,901-754-4826,901-754-4830,,cindy@mollymaidmemphis.com,www.mollymaid.com
"Molly Maid Arnold, MD",1298 Bay Dale Dr.,Suite 215,,Arnold,MD,21012,410-349-8080,410-349-8081,410-349-8770,,mmofannap@aol.com,www.mollymaid.com
"Molly Maid Englewood, CO",4400 South Federal Blvd.,Suite 1B,,Englewood,CO,80110,303-703-9784,303-703-1672,303-703-1829,,carolesd@qwest.net,www.mollymaid.com
Test Company 1,,,,,,,,,,,,
Test Company 2,asdfasdf,,,asdfas,as,12345,,,,,,
"Molly Maid Petaluma, CA",410 Petaluma Blvd. South,Suite D,,Petaluma,CA,94952,707-769-0770,707-769-0772,707-769-0771,,mmssc01@sbcglobal.net,www.mollymaid.com
"Molly Maid The Colony, TX",5201 South Colony Blvd.,Suite 160,,The Colony,TX,75056,469-384-5447,469-384-5443,972-370-9143,,molly.maid_se.denton@comcast.net,www.mollymaid.com
"Mr. Handyman Livonia, MI",16252 Marsha St.,,,Livonia,MI,48154,734-591-2322,734-464-1770,734-464-1780,,tmailloux@mrhandyman.com,www.mrhandyman.com
"Mr. Handyman S. Palm Beach, Fl",,,,,FL,,561-547-4460,,561-547-4521,,,www.mrhandyman.com
"Mr. Handyman Fort Myers, FL",18566 Tulip Rd.,Mailing address under driving instructions,,Fort Myers,FL,33912,239-344-0077,,877-322-3501,,phil.davis@mrhandyman.com,www.mrhandyman.com
"Mr. Handyman Jacksonville, FL",2771-1 Monument Rd.,,,Jacksonville,FL,32225,904-807-6784,904-376-7406,904-807-3953,,deanncombs@comcast.net,www.mrhandyman.com
"Mr. Handyman Davie, FL",4210 South University Drive,Suite 6,,Davie,FL,33328,954-382-9693,954-382-9247,954-382-9512,,service@mrhandymanbroward.com,www.mrhandymanbroward.com
"Mr. Handyman Rockland, MA",239 Chace Rd.,Mailing address listed under driving instructions,,East Freetown,MA,2717,(508) 763-4869,,,,leo.voisine@mrhandyman.com,www.mrhandyman.com
"Mr. Handyman Louisville, KY",12200 Shelbyville Rd.,Unit 205,,Louisville,KY,40243,502-244-2709,,502-244-2631,,gene.johnson@mrhandyman.com,www.mrhandyman.com
"Molly Maid Clinton, MI",43207 Garfield Drive,,,Clinton,MI,48038,586-412-7207,586-260-6478,586-412-7203,,chickdavey@cs.com,www.mollymaid.com
Handyman Connection Corporate,10250 Alliance Rd  Suite 100,,,Cincinnati,OH,45242,513-771-3003,800-466-5530,513-771-6439,,contactus@handymanconnection.com,www.handymanconnection.com
"Professional Carpet Systems Seymour, CT",12 Progress Avenue,,,Seymour,CT,6483,203-888-5560,,203-888-3934,,info@pcssouthernct.com,www.procarpetsys.com
"Professional Carpet Systems Wooster, OH",8344 McFadden Rd.,based out of their home,,Sheeve,OH,44676,330-262-0936,330-496-0080,330-496-0080,,tomemtb@aol.com,www.procarpetsys.com
"Professional Carpet Systems Niagara, ON (Canada)",PO Box 20068 Grantham Postal Outlet,,,"Niagara (Ontario, Canada)",ON,L2M 7W7,905-646-6655,800-631-1919,905-646-4137,,len@pcsniagara.com,www.pcsniagara.com
"Professional Carpet Systems Kinston, NC",2638 Stokes Circle,,,Kinston,NC,28504,252-522-9653,252-521-2200,,,pherbert2@cox.net,www.procarpetsys.com
Professional Carpet Systems Annandale VA,6906 Alpine Dr.,,,Annandale,VA,22003,703-256-0449,,800-806-8810,,professionalcarpetsystems@hotmail.com,www.procarpetsys.com
Professional Carpet Systems Portland / Vancouver Metro Area,PO Box 1149,,,Vancouver,WA,98666,360-696-4140,503-285-8801,360-696-0285,,info@pcs-metro.com,www.pcs-metro.com
Molly Maid Standard Account Set Up,,,,,,,,,,,,www.mollymaid.com
"Molly Maid Orlando, FL",5732 Old Cheney Highway,,,Orlando,FL,32807,407-282-9200,407-282-9288,407-282-9284,,mollymaidofneo@cfl.rr.com,www.mollymaid.com
Molly Maid Lisle IL,4912 S. Main St.,,,Lisle,IL,60532,630-241-7100,630-779-7850,630-241-7204,,mollymessages@sbcglobal.net,www.mollymaid.com
Molly Maid Altamonte Springs FL,995 N State Rd. 434,Suite 506,,Altamonte Springs,FL,32714,407-774-6243,407-774-6245,407-774-9770,,mollymaid@earthlink.net,www.mollymaid.com
Molly Maid Smyrna TN,661 Fizhugh Blvd.  137,,,Smyrna,TN,37167,615-220-2005,615-220-1267,615-220-1245,,bill.foley@comcast.net,www.mollymaid.com
Molly Maid Moreno Valley CA,23910 Alessandro Blvd,Suite C,,Moreno Valley,CA,92553,951-653-1400,951-653-4140,,,diane.stahl@mollymaid.com;ops_mgr@verizon.net,www.mollymaid.com
Molly Maid Bluffton SC,21- A Kitties Landing Drive,,,Bluffton ,SC,29910,843-815-3682,843-815-3683,843-815-3684,,chris.robinson@mollymaid.com,www.mollymaid.com
Molly Maid New Brunswick NJ,243 Livingston Ave,,,New Brunswick,NJ,8901,732-545-0613,,732-545-0613,,mmnewbrunswick@yahoo.com,www.mollymaid.com
Molly Maid Albuquerque NM,3700 Osuna Rd. NE,Suite 503,,Albuquerque,NM,87109,505-341-2700,505-341-2706,505-341-2701,,rmchancey@msn.com,www.mollymaid.com
Molly Maid Livonia MI,32437 Schoolcraft Rd.,,,Livonia,MI,48150,734-421-7195,734-421-7192,734-421-7148,,mollymaid@molly.ldmi.net,www.mollymaid.com
"Molly Maid North Aurora, IL",121 South Lincolonway ,Suite 103,,North Aurora,IL,60542,630-966-2566,,630-566-4973,,mollymaidan@sbcglobal.net,www.mollymaid.com
"Molly Maid Chapel Hill, NC",1832 Martin Luther King Jr. Blvd.,B 16,,Chapel Hill,NC,27514,919-967-0123,919-967-0917,919-967-5855,,made4ever@aol.com,www.mollymaid.com
"Molly Maid Temecula, CA",27911 Jefferson Ave.,Suite 102,,Temecula,CA,92590,951-676-7800,,951-676-1239,,mollytem@adelphia.net,www.mollymaid.com
"Molly Maid Laguna Niguel, CA",26041 Cape Dr.,Suite 134,,Laguna Niguel,CA,92677,949-367-8000,,949-367-2811,,mollymv@adelphia.net,www.mollymaid.com
"Molly Maid Lathrop, CA",125 Darcy Parkway,,,Lathrop,CA,95330,209-858-5506,209-858-5542,209-858-5509,,mollymaid1000@sbcglobal.net,www.mollymaid.com
Molly Maid Raleigh NC,"8900 Autumn Winds Dr, Apt. 207",,,Raleigh,NC,27615,919-847-9903,919-847-9816,919-847-9758,,mollymaidraleigh@gmail.com,www.mollymaid.com
Molly Maid Oakley CA,2045 Main St.,,,Oakley,CA,94561,(925) 679-1300,,925-679-1132,,mollymaideccc@sbcglobal.net,www.mollymaid.com
"Molly Maid South Orlando, FL",5449 South Semoran Blvd. Suite 211,also know as State Road 436,,Orlando,FL,32822,407-737-3655,407-273-6524,,,mollymaidsouthorlando@gmail.com,www.mollymaid.com
"Molly Maid Phillipsburg, NJ",545 Heckman Street,,,Phillipsburg,NJ,8865,908-454-5225,908-454-0792,908-545-0793,,mollymaid2@verizon.net,www.mollymaid.com
Molly Maid Tacoma WA,3844-B South Pine Street,,,Tacoma,WA,98409,253-472-6633,,253-472-6765,,kelly.scott@mollymaid.com,www.mollymaid.com
Molly Maid West Saint Paul MN,245 Marie Ave. East # 101,,,West Saint Paul,MN,55118,651-457-3006,651-457-3206,,,dakotamollymaid@yahoo.com,www.mollymaid.com
"Molly Maid Riverside, CA",11731 Sterling Ave.,Suite M,,Riverside,CA,92503,951-688-3300,951-688-3334,951-688-3311,,mmks@sbcglobal.net,www.mollymaid.com
Molly Maid Canyon Country CA,18350 1/2 Soledad Canyon Rd.,,,Canyon Country,CA,91387,661-298-1800,661-424-0645,661-298-9502,,mollymaidofscv@sbcglobal.net,www.mollymaid.com
Molly Maid Hueytown AL,PO Box 664,This is mailing address,physical is under driving instructions,Dolomite,AL,35061,205-744-6664,205-744-2301,404-601-0218,,debra@mmbhm.com;laura@mmbhm.com,www.mollymaid.com
"Molly Maid Gainesville, FL",5000 NW 34th street Suite 9,,,Gainesville,FL,32605,352-378-7755,,352-378-6112,,mollymaid@bellsouth.net,www.mollymaid.com
Molly Maid Las Vegas NV,6018 Smoke Ranch Rd.,MOLLY MAID of West Clark,,Las Vegas,NV,89108,702-647-4451,,702-647-3758,,kmdinc@sprintmail.com,www.mollymaid.com
Molly Maid Modesto CA,4813 Enterprise Way,Unit F,,Modesto,CA,95356,209-545-4044,,209-545-4477,,mm_csc@sbcglobal.net,www.mollymaid.com
"Molly Maid Colorado Springs, CO",,,,,,,,,,,,www.mollymaid.com
"Molly Maid Wheat Ridge, CO",4325 Harlan St.,,,Wheat Ridge,CO,80033,303-422-6300,303-425-0456,303-432-8976,,rkadnuck@eschelon.com,www.mollymaid.com
Molly Maid Pewaukee WI,235 Oakton Ave.,,,Pewaukee,WI,53072,262-691-5000,262-691-3963,262-691-5019,,mmolc@sbcglobal.net,www.mollymaid.com
"MM of Manalapan, NJ ",,,,,,,,,,,,www.mollymaid.com
"MM of MM of Manalapan, NJ ",,,,,,,,,,,,www.mollymaid.com
Molly Maid Westchester OH,7743 Tylersville Rd.,Suite A,,Westchester,OH,45069,(513) 759-9000,513-759-9300,513-759-6442,,,www.mollymaid.com
Molly Maid Casselberry FL,262 East St. Rd. 436,,,Casselberry,FL,32707,407-339-7740,,407-339-0877,,mollymaidofeastseminole@gmail.com,www.mollymaid.com
Molly Maid San Marcos CA,835 West San Marcos Blvd.,,,San Marcos,CA,92078,760-736-0007,760-736-0151,,,mike.gootgeld@mollymaid.com;irenetrevino@sbcglobal.net,www.mollymaid.com
Molly Maid Stockbridge GA,517 Country Club Drive,Mailing address ,Henry County,Stockbridge,GA,30281,770-507-4900,,770-507-7763,,wekleen@bellsouth.net,www.mollymaid.com
Molly Maid San Jose CA,1275 S. Winchester Blvd.,Suite C,,San Jose,CA,95128,408-261-1415,408-261-1542,408-261-1495,,mollymaid10@sbcglobal.net,www.mollymaid.com
Molly Maid Fort Collins CO,5112 S. College Ave ,Unit B,,Fort Collins,CO,80525,970-282-7707,,970-282-7787,,ann.hindert@mollymaid.com,www.mollymaid.com
Molly Maid St Charles MO,4270 S. Highway 94,,,St. Charles,Mo,63304,636-939-6243,636-939-6244,636-926-8400,,molly-maid@hotmail.com,www.mollymaid.com
Molly Maid Plainfield IL,10117 S. Bode Street,,,Plainfiled,IL,60585,630-305-3900,630-305-3684,630-305-3999,,mollymaidkw@aol.com,www.mollymaid.com
Molly Maid Carry (Central Raleigh) NC,,,,,,,,,,,,www.mollymaid.com
"Molly Maid Mount Pleasant, SC",1035 Johnnie Dodds Blvd,Suite B11,Molly Maid of Greater Charleston,Mount Pleasant (Greater Charleston),SC,29464,843-216-6130,843-216-6131,843-216-6132,,mmgc@mollymaid.com,www.mollymaid.com
Molly Maid Apex NC,534 East Williams St.,,,Apex,NC,27502,(919) 387-3899,919-387-9767,919-387-3811,,mollycary@aol.com,www.mollymaid.com
"Molly Maid Denver, CO",522 Kalamath (kal-a-mut) St.,,,Denver,CO,80204,(303) 639-8500,720-733-2100,303-639-1217,,joseph@mollymaiddenver.com,www.mollymaid.com
"Molly Maid Wichita, KS",4605 E. Kellogg ,,,Witchia,KS,67218,316-684-6243,316-684-5306,316-684-0725,,bstouppe@sbcglobal.net,www.mollymaid.com
Molly Maid Winter Garden FL,13330 W. Colonial Drive,Suite 130,,Winter Garden,FL,34787,407-877-0184,407-877-0852,407-877-0284,,mollymaidoffice1@earthlink.net,www.mollymaid.com
"Molly Maid Elyria, OH",41353 Schadden Rd,,,Elyria,OH,44035,440-327-0000,440-324-3398,440-324-3364,,mollymaidclean@alltel.net,www.mollymaid.com
"Molly Maid Kalamazoo, MI",3408 Miller Road,,," Kalamazoo, ",MI,49001,269-552-4949,269-552-4807,269-552-4788,,kalamazoo.mi@mollymaid.com,www.mollymaid.com
Excel Fabric Care,270 Allen Dr.,,,Kent,OH,44240,330-678-5408,,,,,www.excelfabriccare.com
Molly Maid Grayslake IL,100 S. Atkinson Rd,Suite 105,,Grayslake,IL,,847-548-6889,847-548-2859,847-548-2854,,mollymaid@ameritech.net,www.mollymaid.com
Molly Maid Salinas CA,32 E Alisal,Suite 203,,Salinas,CA,93901,831-751-3000,831-751-3015,831-751-0701,,mollymaidsalinas@aol.com,www.mollymaid.com
Molly Maid Skokie IL,3939 Oakton Street,,,Skokie,IL,60076,847-329-0055,847-329-0086,847-329-0054,,schrean@sbcglobal.net,www.mollymaid.com
Molly Maid South Charlotte NC,501 Minuet Lane,Suite 201,,Charlottee,NC,28217,704-714-1150,704-714-1154,704-714-1151,,mmscharlotte@perigee.net,www.mollymaid.com
"Molly Maid Aurora, CO",11000 E. Yale Ave,Suite 40,,Aurora,CO,80014,303-745-7902,303-745-0902,303-338-8492,,mollymaid1001@qwest.net,www.mollymaid.com
Molly Maid Naples FL,1100 6th Ave South,Unit 14,,Naples,FL,34102,239-353-6243,239-263-8271,239-434-8810,,wendy.rede@mollymaid.com,www.mollymaid.com
Molly Maid Sumner WA,1818 Main Street,Suite A,,Sumner,WA,98390,253-891-4276,253-891-4278,253-891-4278,,robin.moser@mollymaid.com,www.mollymaid.com
Molly Maid East and North Las Vegas NV,3376 South Eastern Ave.,Suite #115,,Las Vegas,NV,89109,702-953-6785,702-953-1471,702-953-6798,,sal.mendez@mollymaid.com,www.mollymaid.com
Molly Maid Dallas TX,4466 Spring Valley Rd,,,Dallas,TX,75244,972-934-0404,972-934-0407,,,maya.roel@mollymaid.com,www.mollymaid.com
Molly Maid Garden City CA,,,,,,,562-439-6243,,,,,www.mollymaid.com
Molly Maid Somerville NJ,14 W Cliff Street,Suite 1414,,Somerville,NJ,8876,908-575-0909,908-575-0999,,,fordref@hotmail.com,www.mollymaid.com
Molly Maid Folsom Lake CA,9198 Greenback Ln,,Suite 102,Orangevale,Ca,95662,916-287-7400,916-987-7402,916-987-7428,,mmfsmlk@sbcglobal.net,www.mollymaid.com
Molly Maid Southeast Indianapolis IN,8230 Madison Ave,,,Indianapolis ,IN,46227,317-885-6243,317-859-6243,,,mollymaidseindy@sbcglobal.net,www.mollymaid.com
Molly Maid Plymouth MN,8951 West 36th St,Suite J,,St Louis Park,MN,55426,952-345-0190,952-345-0227,952-345-0191,,ivttb@mollymaid.com,www.mollymaid.com
